name,value
accepted,30
repeat,67
btn_queue_drop,0
tx_queue_drop,0
tx_queue_max,4
pool_overflow,0
droplog_overflow,0
tx_timeout,0
tx_start_fail,0
spurious_tc,0
encode_error,0
tel_sent,2164
tel_drop,0
tel_period_min_us,99498
tel_period_avg_us,99999
tel_period_max_us,100000
tel_wait_avg_us,4329
tel_wait_max_us,11362
stack_hwm_telemetry,328
stack_hwm_button,328
stack_hwm_uart_tx,380
host_variant,CT
host_baud,230400
host_window_start,2026-10-06T15:12:24.086Z
host_rec_received,30
host_rec_expected,30
host_seq_gaps,0
host_line_errors,0
host_warmup_presses,0
host_short_intervals,0
