scenario,event_id,t0_us,t1_us,t2_us,t3_us,t4_us,status,note
S5,1,16619435,16619459,16619466,16619695,16620576,ok,
S5,2,17923800,17928787,17928789,17929766,17930642,ok,
S5,3,19165901,19168787,19168790,19169767,19170643,ok,
S5,4,20422457,20422480,20422483,20422575,20423453,ok,
S5,5,21655410,21658787,21658790,21659765,21660641,ok,
S5,6,22868274,22868787,22868789,22869766,22870642,ok,
S5,7,24182263,24182286,24182289,24182381,24183256,ok,
S5,8,25466625,25468787,25468790,25469766,25470642,ok,
S5,9,26846168,26848787,26848790,26849769,26850644,ok,
S5,10,28063192,28063216,28063218,28063310,28064185,ok,
S5,11,29407295,29408787,29408789,29409767,29410643,ok,
S5,12,30666710,30668786,30668789,30669767,30670642,ok,
S5,13,31950317,31950340,31950343,31950435,31951311,ok,
S5,14,33175646,33178786,33178789,33179768,33180643,ok,
S5,15,34312006,34312030,34312032,34312125,34312999,ok,
S5,16,35497357,35498787,35498789,35499765,35500640,ok,
S5,17,36819163,36819186,36819189,36819694,36820578,ok,
S5,18,38244982,38248787,38248790,38249768,38250643,ok,
S5,19,39526657,39528787,39528790,39529765,39530640,ok,
S5,20,40833255,40833279,40833281,40833374,40834250,ok,
S5,21,41995600,41998787,41998790,41999766,42000640,ok,
S5,22,43556593,43558787,43558789,43559766,43560640,ok,
S5,23,44937902,44938787,44938789,44939768,44940642,ok,
S5,24,46334312,46338786,46338789,46339768,46340643,ok,
S5,25,47541278,47541302,47541304,47541398,47542276,ok,
S5,26,48828889,48828917,48828919,48829704,48830580,ok,
S5,27,50204933,50208787,50208790,50209769,50210647,ok,
S5,28,51401418,51401441,51401444,51401538,51402414,ok,
S5,29,52614515,52618786,52618789,52619770,52620648,ok,
S5,30,53792150,53792174,53792176,53792271,53793148,ok,
