record,run,variant,scenario,frame,baud,trace,build_config,recorded_at,events_csv,counters_csv,raw_log,trace_file,event_id,R_ms,t1_t0_ms,t2_t1_ms,t3_t2_ms,t4_t3_ms,note
run,AT_S5,A,S5,64-byte ASCII,230400,on,PROTOCOL_COMPACT=0 USE_SYSVIEW=1,2026-10-06 18:06,measurements/ascii64/AT_S5.csv,measurements/ascii64/AT_S5_counters.csv,measurements/ascii64/AT_S5_raw.txt,,,5.456,1.114,0.002,1.560,2.781,"30/30 ok, R max 10.405 ms, R columns are run means; board reset inside the window; first 3 presses 2.2/3.4/4.5 s after boot (5 s warm-up not met)"
run,BT_S5,B,S5,64-byte ASCII,230400,on,PROTOCOL_COMPACT=0 USE_SYSVIEW=1,2026-10-06 18:09,measurements/ascii64/BT_S5.csv,measurements/ascii64/BT_S5_counters.csv,measurements/ascii64/BT_S5_raw.txt,,,4.644,0.018,0.002,1.844,2.781,"30/30 ok, R max 7.465 ms, R columns are run means"
run,CT_S5,C,S5,64-byte ASCII,230400,on,PROTOCOL_COMPACT=0 USE_SYSVIEW=1,2026-10-06 18:12,measurements/ascii64/CT_S5.csv,measurements/ascii64/CT_S5_counters.csv,measurements/ascii64/CT_S5_raw.txt,,,4.210,0.018,0.002,1.408,2.781,"30/30 ok, R max 6.795 ms, R columns are run means"
run,AT_S6,A,S6,64-byte ASCII,230400,on,PROTOCOL_COMPACT=0 USE_SYSVIEW=1,2026-10-06 18:07,measurements/ascii64/AT_S6.csv,measurements/ascii64/AT_S6_counters.csv,measurements/ascii64/AT_S6_raw.txt,,,3.546,0.018,0.002,0.745,2.781,"30/30 ok, R max 13.059 ms, R columns are run means"
run,BT_S6,B,S6,64-byte ASCII,230400,on,PROTOCOL_COMPACT=0 USE_SYSVIEW=1,2026-10-06 18:10,measurements/ascii64/BT_S6.csv,measurements/ascii64/BT_S6_counters.csv,measurements/ascii64/BT_S6_raw.txt,,,4.486,0.018,0.002,1.685,2.781,"30/30 ok, R max 13.077 ms, R columns are run means"
run,CT_S6,C,S6,64-byte ASCII,230400,on,PROTOCOL_COMPACT=0 USE_SYSVIEW=1,2026-10-06 18:13,measurements/ascii64/CT_S6.csv,measurements/ascii64/CT_S6_counters.csv,measurements/ascii64/CT_S6_raw.txt,,,3.035,0.018,0.002,0.235,2.781,"30/30 ok, R max 4.925 ms, R columns are run means"
run,ATK_S5,A,S5,binary TEL 19 B / BTN 20 B,230400,on,PROTOCOL_COMPACT=1 USE_SYSVIEW=1,2026-10-07 00:07,measurements/compact/ATK_S5.csv,measurements/compact/ATK_S5_counters.csv,measurements/compact/ATK_S5_raw.txt,analysis/systemview/compact/A_S5.SVDat,,3.203,1.659,0.003,0.665,0.876,"30/30 ok, R max 6.842 ms, R columns are run means; 5 board resets inside the window; all presses >= 16.6 s after the last boot; trace recorded in the same session; trace R - log R = -1..0 us"
run,BTK_S5,B,S5,binary TEL 19 B / BTN 20 B,230400,on,PROTOCOL_COMPACT=1 USE_SYSVIEW=1,2026-10-07 00:10,measurements/compact/BTK_S5.csv,measurements/compact/BTK_S5_counters.csv,measurements/compact/BTK_S5_raw.txt,analysis/systemview/compact/B_S5.SVDat,,2.625,0.024,0.003,1.721,0.877,"30/30 ok, R max 5.889 ms, R columns are run means; trace recorded in the same session; trace R - log R = -1..0 us"
run,CTK_S5,C,S5,binary TEL 19 B / BTN 20 B,230400,on,PROTOCOL_COMPACT=1 USE_SYSVIEW=1,2026-10-07 00:13,measurements/compact/CTK_S5.csv,measurements/compact/CTK_S5_counters.csv,measurements/compact/CTK_S5_raw.txt,,,1.897,0.018,0.002,1.002,0.875,"30/30 ok, R max 5.608 ms, R columns are run means"
run,ATK_S6,A,S6,binary TEL 19 B / BTN 20 B,230400,on,PROTOCOL_COMPACT=1 USE_SYSVIEW=1,2026-10-07 00:09,measurements/compact/ATK_S6.csv,measurements/compact/ATK_S6_counters.csv,measurements/compact/ATK_S6_raw.txt,,,1.180,0.017,0.002,0.286,0.874,"30/30 ok, R max 4.084 ms, R columns are run means"
run,BTK_S6,B,S6,binary TEL 19 B / BTN 20 B,230400,on,PROTOCOL_COMPACT=1 USE_SYSVIEW=1,2026-10-07 00:11,measurements/compact/BTK_S6.csv,measurements/compact/BTK_S6_counters.csv,measurements/compact/BTK_S6_raw.txt,analysis/systemview/compact/B_S6.SVDat,,0.996,0.024,0.003,0.094,0.876,"30/30 ok, R max 1.010 ms, R columns are run means; trace recorded in the same session; trace R - log R = -1..0 us"
run,CTK_S6,C,S6,binary TEL 19 B / BTN 20 B,230400,on,PROTOCOL_COMPACT=1 USE_SYSVIEW=1,2026-10-07 00:14,measurements/compact/CTK_S6.csv,measurements/compact/CTK_S6_counters.csv,measurements/compact/CTK_S6_raw.txt,analysis/systemview/compact/C_S6.SVDat,,1.011,0.024,0.003,0.107,0.877,"30/30 ok, R max 1.479 ms, R columns are run means; trace recorded in the same session; trace R - log R = -1..0 us"
trace,AT_S5,A,S5,64-byte ASCII,230400,on,PROTOCOL_COMPACT=0 USE_SYSVIEW=1,2026-10-06 17:45,,,,analysis/systemview/ascii64/A_S5.SVDat,,,,,,,"30.0 s recording, 30 complete t0-t4 chains, 0 dropped events; separate session from the logged runs"
event,AT_S5,A,S5,,,,,,,,,analysis/systemview/ascii64/A_S5.SVDat,2,2.898,0.021,0.003,0.090,2.785,from trace: min R (complete #512..#518 chain)
event,AT_S5,A,S5,,,,,,,,,analysis/systemview/ascii64/A_S5.SVDat,7,5.326,0.026,0.003,2.511,2.787,from trace: median R (complete #512..#518 chain)
event,AT_S5,A,S5,,,,,,,,,analysis/systemview/ascii64/A_S5.SVDat,1,10.712,4.998,0.003,2.927,2.785,from trace: max R (complete #512..#518 chain)
trace,AT_S6,A,S6,64-byte ASCII,230400,on,PROTOCOL_COMPACT=0 USE_SYSVIEW=1,2026-10-06 20:26,,,,analysis/systemview/ascii64/A_S6.SVDat,,,,,,,"40.0 s recording, 30 complete t0-t4 chains, 0 dropped events; separate session from the logged runs"
event,AT_S6,A,S6,,,,,,,,,analysis/systemview/ascii64/A_S6.SVDat,1,2.897,0.021,0.003,0.090,2.784,from trace: min R (complete #512..#518 chain)
event,AT_S6,A,S6,,,,,,,,,analysis/systemview/ascii64/A_S6.SVDat,12,2.901,0.021,0.002,0.092,2.786,from trace: median R (complete #512..#518 chain)
event,AT_S6,A,S6,,,,,,,,,analysis/systemview/ascii64/A_S6.SVDat,4,13.713,0.021,0.002,10.903,2.787,from trace: max R (complete #512..#518 chain)
trace,BT_S5,B,S5,64-byte ASCII,230400,on,PROTOCOL_COMPACT=0 USE_SYSVIEW=1,2026-10-06 18:17,,,,analysis/systemview/ascii64/B_S5.SVDat,,,,,,,"40.0 s recording, 30 complete t0-t4 chains, 0 dropped events; separate session from the logged runs"
event,BT_S5,B,S5,,,,,,,,,analysis/systemview/ascii64/B_S5.SVDat,1,2.900,0.021,0.003,0.092,2.784,from trace: min R (complete #512..#518 chain)
event,BT_S5,B,S5,,,,,,,,,analysis/systemview/ascii64/B_S5.SVDat,29,3.959,0.021,0.002,1.152,2.783,from trace: median R (complete #512..#518 chain)
event,BT_S5,B,S5,,,,,,,,,analysis/systemview/ascii64/B_S5.SVDat,9,7.962,0.021,0.003,5.153,2.785,from trace: max R (complete #512..#518 chain)
trace,BT_S6,B,S6,64-byte ASCII,230400,on,PROTOCOL_COMPACT=0 USE_SYSVIEW=1,2026-10-06 18:22,,,,analysis/systemview/ascii64/B_S6.SVDat,,,,,,,"40.0 s recording, 30 complete t0-t4 chains, 0 dropped events; separate session from the logged runs"
event,BT_S6,B,S6,,,,,,,,,analysis/systemview/ascii64/B_S6.SVDat,9,2.897,0.021,0.003,0.090,2.783,from trace: min R (complete #512..#518 chain)
event,BT_S6,B,S6,,,,,,,,,analysis/systemview/ascii64/B_S6.SVDat,21,2.901,0.021,0.003,0.092,2.786,from trace: median R (complete #512..#518 chain)
event,BT_S6,B,S6,,,,,,,,,analysis/systemview/ascii64/B_S6.SVDat,5,13.777,0.026,0.003,10.962,2.787,from trace: max R (complete #512..#518 chain)
trace,CT_S6,C,S6,64-byte ASCII,230400,on,PROTOCOL_COMPACT=0 USE_SYSVIEW=1,2026-10-06 18:24,,,,analysis/systemview/ascii64/C_S6.SVDat,,,,,,,"40.0 s recording, 30 complete t0-t4 chains, 0 dropped events; separate session from the logged runs"
event,CT_S6,C,S6,,,,,,,,,analysis/systemview/ascii64/C_S6.SVDat,33,2.895,0.021,0.002,0.089,2.783,from trace: min R (complete #512..#518 chain)
event,CT_S6,C,S6,,,,,,,,,analysis/systemview/ascii64/C_S6.SVDat,59,2.898,0.021,0.002,0.091,2.784,from trace: median R (complete #512..#518 chain)
event,CT_S6,C,S6,,,,,,,,,analysis/systemview/ascii64/C_S6.SVDat,52,4.288,0.031,0.002,1.467,2.787,from trace: max R (complete #512..#518 chain)
trace,ATK_S5,A,S5,binary TEL 19 B / BTN 20 B,230400,on,PROTOCOL_COMPACT=1 USE_SYSVIEW=1,2026-10-07 00:07,,,,analysis/systemview/compact/A_S5.SVDat,,,,,,,"40.0 s recording, 30 complete t0-t4 chains, 0 dropped events; same session as ATK_S5"
event,ATK_S5,A,S5,,,,,,,,,analysis/systemview/compact/A_S5.SVDat,10,0.993,0.021,0.002,0.092,0.877,from trace: min R (complete #512..#518 chain)
event,ATK_S5,A,S5,,,,,,,,,analysis/systemview/compact/A_S5.SVDat,11,3.347,1.489,0.002,0.979,0.877,from trace: median R (complete #512..#518 chain)
event,ATK_S5,A,S5,,,,,,,,,analysis/systemview/compact/A_S5.SVDat,2,6.841,4.983,0.002,0.977,0.878,from trace: max R (complete #512..#518 chain)
trace,BTK_S5,B,S5,binary TEL 19 B / BTN 20 B,230400,on,PROTOCOL_COMPACT=1 USE_SYSVIEW=1,2026-10-07 00:10,,,,analysis/systemview/compact/B_S5.SVDat,,,,,,,"40.0 s recording, 30 complete t0-t4 chains, 0 dropped events; same session as BTK_S5"
event,BTK_S5,B,S5,,,,,,,,,analysis/systemview/compact/B_S5.SVDat,70,0.994,0.021,0.002,0.093,0.877,from trace: min R (complete #512..#518 chain)
event,BTK_S5,B,S5,,,,,,,,,analysis/systemview/compact/B_S5.SVDat,61,1.802,0.021,0.002,0.903,0.876,from trace: median R (complete #512..#518 chain)
event,BTK_S5,B,S5,,,,,,,,,analysis/systemview/compact/B_S5.SVDat,86,5.889,0.021,0.002,4.985,0.879,from trace: max R (complete #512..#518 chain)
trace,BTK_S6,B,S6,binary TEL 19 B / BTN 20 B,230400,on,PROTOCOL_COMPACT=1 USE_SYSVIEW=1,2026-10-07 00:11,,,,analysis/systemview/compact/B_S6.SVDat,,,,,,,"40.0 s recording, 30 complete t0-t4 chains, 0 dropped events; same session as BTK_S6"
event,BTK_S6,B,S6,,,,,,,,,analysis/systemview/compact/B_S6.SVDat,92,0.992,0.021,0.002,0.092,0.877,from trace: min R (complete #512..#518 chain)
event,BTK_S6,B,S6,,,,,,,,,analysis/systemview/compact/B_S6.SVDat,107,0.996,0.021,0.002,0.094,0.878,from trace: median R (complete #512..#518 chain)
event,BTK_S6,B,S6,,,,,,,,,analysis/systemview/compact/B_S6.SVDat,114,1.010,0.021,0.002,0.106,0.880,from trace: max R (complete #512..#518 chain)
trace,CTK_S6,C,S6,binary TEL 19 B / BTN 20 B,230400,on,PROTOCOL_COMPACT=1 USE_SYSVIEW=1,2026-10-07 00:14,,,,analysis/systemview/compact/C_S6.SVDat,,,,,,,"40.0 s recording, 30 complete t0-t4 chains, 0 dropped events; same session as CTK_S6"
event,CTK_S6,C,S6,,,,,,,,,analysis/systemview/compact/C_S6.SVDat,151,0.990,0.021,0.002,0.089,0.877,from trace: min R (complete #512..#518 chain)
event,CTK_S6,C,S6,,,,,,,,,analysis/systemview/compact/C_S6.SVDat,169,0.993,0.021,0.002,0.091,0.879,from trace: median R (complete #512..#518 chain)
event,CTK_S6,C,S6,,,,,,,,,analysis/systemview/compact/C_S6.SVDat,179,1.479,0.026,0.002,0.572,0.879,from trace: max R (complete #512..#518 chain)
